"county_fips","state","county_name","all_sales","d2c_sales_pct","distance_nearest_farmersmarket_mile","share","nearest_hub_name","nearest_hub_id","distance_nearest_hub_mile","second_hub_name","second_hub_id","distance_2rd_nearest_hub_mile","dtc_sales","interm_sales","SPMA","SPMA_2rd","SPMA_exchange","SPMA_2rd_log","SPMA_exchange_log","SPMA_2rd_0_100","SPMA_exchange_0_100","SPMA_log","SPMA_0_100"
"53047","Washington","Okanogan",363677000,0.326388538,14.8023335090566,31.7621924902892,"Okanogan Producers Marketing Association","500035",14.7137827439914,"Methow Valley FoodShed","501290",20.9424275652941,1187000.04334226,362489999.956658,1679771.65457639,831915.734260634,94934.8447838528,13.6314876357814,11.460956624388,53.0713505338329,43.2080232030517,14.3341690175653,56.2644753689075
"53077","Washington","Yakima",2265510000,0.219023526,10.9365851140038,20.0836654283463,"Gorge Grown Food Network Mobile Farmers Market","501250",63.6347233332888,"Gorge Farmer Collective","501249",66.8072321277427,4961999.8838826,2260548000.11612,599730.941987345,547970.426828854,10483037.1885467,13.2139784237475,16.1652690983306,51.1741051131081,64.5853606164362,13.3042380710154,51.5842630150643
